[{"model": "orders.payment", "pk": 1, "fields": {"user": 22, "payment_id": "202210181", "payment_method": "\u0e42\u0e2d\u0e19\u0e40\u0e07\u0e34\u0e19", "amount_paid": "1262.6", "status": "Completed", "created_at": "2022-10-18T11:52:01.493"}}, {"model": "orders.payment", "pk": 2, "fields": {"user": 22, "payment_id": "202210182", "payment_method": "\u0e42\u0e2d\u0e19\u0e40\u0e07\u0e34\u0e19", "amount_paid": "1262.6", "status": "Completed", "created_at": "2022-10-18T14:47:29.659"}}, {"model": "orders.payment", "pk": 3, "fields": {"user": 22, "payment_id": "202210183", "payment_method": "\u0e42\u0e2d\u0e19\u0e40\u0e07\u0e34\u0e19", "amount_paid": "1262.6", "status": "Completed", "created_at": "2022-10-18T16:17:19.740"}}, {"model": "orders.payment", "pk": 4, "fields": {"user": 22, "payment_id": "202210194", "payment_method": "\u0e42\u0e2d\u0e19\u0e40\u0e07\u0e34\u0e19", "amount_paid": "757.56", "status": "Completed", "created_at": "2022-10-19T15:53:58.030"}}, {"model": "orders.payment", "pk": 5, "fields": {"user": 22, "payment_id": "202210195", "payment_method": "\u0e42\u0e2d\u0e19\u0e40\u0e07\u0e34\u0e19", "amount_paid": "505.04", "status": "Completed", "created_at": "2022-10-19T15:58:20.777"}}, {"model": "orders.payment", "pk": 6, "fields": {"user": 22, "payment_id": "202210216", "payment_method": "\u0e42\u0e2d\u0e19\u0e40\u0e07\u0e34\u0e19", "amount_paid": "465.45", "status": "Completed", "created_at": "2022-10-21T09:52:43.643"}}, {"model": "orders.payment", "pk": 7, "fields": {"user": 22, "payment_id": "202210217", "payment_method": "\u0e42\u0e2d\u0e19\u0e40\u0e07\u0e34\u0e19", "amount_paid": "155.15", "status": "Completed", "created_at": "2022-10-21T11:48:56.847"}}, {"model": "orders.payment", "pk": 8, "fields": {"user": 22, "payment_id": "202210218", "payment_method": "\u0e42\u0e2d\u0e19\u0e40\u0e07\u0e34\u0e19", "amount_paid": "155.15", "status": "Completed", "created_at": "2022-10-21T13:53:46.712"}}, {"model": "orders.payment", "pk": 9, "fields": {"user": 22, "payment_id": "202210229", "payment_method": "\u0e42\u0e2d\u0e19\u0e40\u0e07\u0e34\u0e19", "amount_paid": "155.15", "status": "Completed", "created_at": "2022-10-22T16:50:11.746"}}, {"model": "orders.payment", "pk": 10, "fields": {"user": 22, "payment_id": "2022102510", "payment_method": "\u0e42\u0e2d\u0e19\u0e40\u0e07\u0e34\u0e19", "amount_paid": "267.5", "status": "Completed", "created_at": "2022-10-25T11:46:57.384"}}, {"model": "orders.payment", "pk": 11, "fields": {"user": 23, "payment_id": "2022110511", "payment_method": "\u0e42\u0e2d\u0e19\u0e40\u0e07\u0e34\u0e19", "amount_paid": "577.8", "status": "Completed", "created_at": "2022-11-05T11:30:14.700"}}, {"model": "orders.payment", "pk": 12, "fields": {"user": 23, "payment_id": "2022110512", "payment_method": "\u0e42\u0e2d\u0e19\u0e40\u0e07\u0e34\u0e19", "amount_paid": "155.15", "status": "Completed", "created_at": "2022-11-05T15:06:37.486"}}, {"model": "orders.payment", "pk": 13, "fields": {"user": 23, "payment_id": "2022110913", "payment_method": "\u0e42\u0e2d\u0e19\u0e40\u0e07\u0e34\u0e19", "amount_paid": "155.15", "status": "Completed", "created_at": "2022-11-09T15:00:34.131"}}, {"model": "orders.order", "pk": 49, "fields": {"user": 22, "payment": null, "order_number": "2022101849", "cust_name": "\u0e40\u0e14\u0e48\u0e19 \u0e40\u0e21\u0e37\u0e2d\u0e07\u0e2a\u0e38\u0e23\u0e34\u0e19\u0e17\u0e23\u0e4c", "phone": "02-7127000", "email": null, "address_detail": "21 \u0e2b\u0e21\u0e39\u0e48 2 \u0e15.\u0e2d\u0e49\u0e2d\u0e21\u0e43\u0e2b\u0e0d\u0e48", "tambon": "\u0e2d\u0e49\u0e2d\u0e21\u0e43\u0e2b\u0e0d\u0e48", "amphoe": "\u0e2a\u0e32\u0e21\u0e1e\u0e23\u0e32\u0e19", "city": "\u0e19\u0e04\u0e23\u0e1b\u0e10\u0e21", "postal_code": "73160", "order_note": "", "order_total": 1262.6, "tax": 82.6, "status": "New", "ip": "127.0.0.1", "is_ordered": false, "created_at": "2022-10-18T11:47:50.227", "updated_at": "2022-10-18T11:47:50.243"}}, {"model": "orders.order", "pk": 50, "fields": {"user": 22, "payment": null, "order_number": "2022101850", "cust_name": "\u0e40\u0e14\u0e48\u0e19 \u0e40\u0e21\u0e37\u0e2d\u0e07\u0e2a\u0e38\u0e23\u0e34\u0e19\u0e17\u0e23\u0e4c", "phone": "02-7127000", "email": null, "address_detail": "21 \u0e2b\u0e21\u0e39\u0e48 2 \u0e15.\u0e2d\u0e49\u0e2d\u0e21\u0e43\u0e2b\u0e0d\u0e48", "tambon": "\u0e2d\u0e49\u0e2d\u0e21\u0e43\u0e2b\u0e0d\u0e48", "amphoe": "\u0e2a\u0e32\u0e21\u0e1e\u0e23\u0e32\u0e19", "city": "\u0e19\u0e04\u0e23\u0e1b\u0e10\u0e21", "postal_code": "73160", "order_note": "", "order_total": 1262.6, "tax": 82.6, "status": "New", "ip": "127.0.0.1", "is_ordered": false, "created_at": "2022-10-18T11:51:46.640", "updated_at": "2022-10-18T11:51:46.651"}}, {"model": "orders.order", "pk": 51, "fields": {"user": 22, "payment": 1, "order_number": "2022101851", "cust_name": "\u0e40\u0e14\u0e48\u0e19 \u0e40\u0e21\u0e37\u0e2d\u0e07\u0e2a\u0e38\u0e23\u0e34\u0e19\u0e17\u0e23\u0e4c", "phone": "02-7127000", "email": null, "address_detail": "21 \u0e2b\u0e21\u0e39\u0e48 2 \u0e15.\u0e2d\u0e49\u0e2d\u0e21\u0e43\u0e2b\u0e0d\u0e48", "tambon": "\u0e2d\u0e49\u0e2d\u0e21\u0e43\u0e2b\u0e0d\u0e48", "amphoe": "\u0e2a\u0e32\u0e21\u0e1e\u0e23\u0e32\u0e19", "city": "\u0e19\u0e04\u0e23\u0e1b\u0e10\u0e21", "postal_code": "73160", "order_note": "", "order_total": 1262.6, "tax": 82.6, "status": "New", "ip": "127.0.0.1", "is_ordered": true, "created_at": "2022-10-18T11:52:00.167", "updated_at": "2022-10-18T11:52:01.539"}}, {"model": "orders.order", "pk": 52, "fields": {"user": 22, "payment": 2, "order_number": "2022101852", "cust_name": "\u0e40\u0e14\u0e48\u0e19 \u0e40\u0e21\u0e37\u0e2d\u0e07\u0e2a\u0e38\u0e23\u0e34\u0e19\u0e17\u0e23\u0e4c", "phone": "02-7127000", "email": null, "address_detail": "21 \u0e2b\u0e21\u0e39\u0e48 2 \u0e15.\u0e2d\u0e49\u0e2d\u0e21\u0e43\u0e2b\u0e0d\u0e48", "tambon": "\u0e2d\u0e49\u0e2d\u0e21\u0e43\u0e2b\u0e0d\u0e48", "amphoe": "\u0e2a\u0e32\u0e21\u0e1e\u0e23\u0e32\u0e19", "city": "\u0e19\u0e04\u0e23\u0e1b\u0e10\u0e21", "postal_code": "73160", "order_note": "", "order_total": 1262.6, "tax": 82.6, "status": "New", "ip": "127.0.0.1", "is_ordered": true, "created_at": "2022-10-18T14:47:27.101", "updated_at": "2022-10-18T14:47:29.761"}}, {"model": "orders.order", "pk": 53, "fields": {"user": 22, "payment": 3, "order_number": "2022101853", "cust_name": "\u0e40\u0e14\u0e48\u0e19 \u0e40\u0e21\u0e37\u0e2d\u0e07\u0e2a\u0e38\u0e23\u0e34\u0e19\u0e17\u0e23\u0e4c", "phone": "02-7127000", "email": null, "address_detail": "21 \u0e2b\u0e21\u0e39\u0e48 2 \u0e15.\u0e2d\u0e49\u0e2d\u0e21\u0e43\u0e2b\u0e0d\u0e48", "tambon": "\u0e2d\u0e49\u0e2d\u0e21\u0e43\u0e2b\u0e0d\u0e48", "amphoe": "\u0e2a\u0e32\u0e21\u0e1e\u0e23\u0e32\u0e19", "city": "\u0e19\u0e04\u0e23\u0e1b\u0e10\u0e21", "postal_code": "73160", "order_note": "", "order_total": 1262.6, "tax": 82.6, "status": "New", "ip": "127.0.0.1", "is_ordered": true, "created_at": "2022-10-18T16:17:16.256", "updated_at": "2022-10-18T16:17:19.776"}}, {"model": "orders.order", "pk": 54, "fields": {"user": 22, "payment": null, "order_number": "2022101854", "cust_name": "\u0e40\u0e14\u0e48\u0e19 \u0e40\u0e21\u0e37\u0e2d\u0e07\u0e2a\u0e38\u0e23\u0e34\u0e19\u0e17\u0e23\u0e4c", "phone": "02-7127000", "email": null, "address_detail": "21 \u0e2b\u0e21\u0e39\u0e48 2 \u0e15.\u0e2d\u0e49\u0e2d\u0e21\u0e43\u0e2b\u0e0d\u0e48", "tambon": "\u0e2d\u0e49\u0e2d\u0e21\u0e43\u0e2b\u0e0d\u0e48", "amphoe": "\u0e2a\u0e32\u0e21\u0e1e\u0e23\u0e32\u0e19", "city": "\u0e19\u0e04\u0e23\u0e1b\u0e10\u0e21", "postal_code": "73160", "order_note": "", "order_total": 1262.6, "tax": 82.6, "status": "New", "ip": "127.0.0.1", "is_ordered": false, "created_at": "2022-10-18T16:26:04.351", "updated_at": "2022-10-18T16:26:04.353"}}, {"model": "orders.order", "pk": 55, "fields": {"user": 22, "payment": 4, "order_number": "2022101955", "cust_name": "\u0e40\u0e14\u0e48\u0e19 \u0e40\u0e21\u0e37\u0e2d\u0e07\u0e2a\u0e38\u0e23\u0e34\u0e19\u0e17\u0e23\u0e4c", "phone": "02-7127000", "email": null, "address_detail": "21 \u0e2b\u0e21\u0e39\u0e48 2 \u0e15.\u0e2d\u0e49\u0e2d\u0e21\u0e43\u0e2b\u0e0d\u0e48", "tambon": "\u0e2d\u0e49\u0e2d\u0e21\u0e43\u0e2b\u0e0d\u0e48", "amphoe": "\u0e2a\u0e32\u0e21\u0e1e\u0e23\u0e32\u0e19", "city": "\u0e19\u0e04\u0e23\u0e1b\u0e10\u0e21", "postal_code": "73160", "order_note": "", "order_total": 757.56, "tax": 49.56, "status": "New", "ip": "127.0.0.1", "is_ordered": true, "created_at": "2022-10-19T15:53:55.846", "updated_at": "2022-10-19T15:53:58.118"}}, {"model": "orders.order", "pk": 56, "fields": {"user": 22, "payment": 5, "order_number": "2022101956", "cust_name": "\u0e40\u0e14\u0e48\u0e19 \u0e40\u0e21\u0e37\u0e2d\u0e07\u0e2a\u0e38\u0e23\u0e34\u0e19\u0e17\u0e23\u0e4c", "phone": "02-7127000", "email": null, "address_detail": "21 \u0e2b\u0e21\u0e39\u0e48 2 \u0e15.\u0e2d\u0e49\u0e2d\u0e21\u0e43\u0e2b\u0e0d\u0e48", "tambon": "\u0e2d\u0e49\u0e2d\u0e21\u0e43\u0e2b\u0e0d\u0e48", "amphoe": "\u0e2a\u0e32\u0e21\u0e1e\u0e23\u0e32\u0e19", "city": "\u0e19\u0e04\u0e23\u0e1b\u0e10\u0e21", "postal_code": "73160", "order_note": "", "order_total": 505.04, "tax": 33.04, "status": "New", "ip": "127.0.0.1", "is_ordered": true, "created_at": "2022-10-19T15:58:19.316", "updated_at": "2022-10-19T15:58:20.799"}}, {"model": "orders.order", "pk": 57, "fields": {"user": 22, "payment": 6, "order_number": "2022102157", "cust_name": "\u0e40\u0e14\u0e48\u0e19 \u0e40\u0e21\u0e37\u0e2d\u0e07\u0e2a\u0e38\u0e23\u0e34\u0e19\u0e17\u0e23\u0e4c", "phone": "02-7127000", "email": null, "address_detail": "21 \u0e2b\u0e21\u0e39\u0e48 2 \u0e15.\u0e2d\u0e49\u0e2d\u0e21\u0e43\u0e2b\u0e0d\u0e48", "tambon": "\u0e2d\u0e49\u0e2d\u0e21\u0e43\u0e2b\u0e0d\u0e48", "amphoe": "\u0e2a\u0e32\u0e21\u0e1e\u0e23\u0e32\u0e19", "city": "\u0e19\u0e04\u0e23\u0e1b\u0e10\u0e21", "postal_code": "73160", "order_note": "", "order_total": 465.45, "tax": 30.45, "status": "New", "ip": "127.0.0.1", "is_ordered": true, "created_at": "2022-10-21T09:52:26.201", "updated_at": "2022-10-21T09:52:43.708"}}, {"model": "orders.order", "pk": 58, "fields": {"user": 22, "payment": 7, "order_number": "2022102158", "cust_name": "\u0e40\u0e14\u0e48\u0e19 \u0e40\u0e21\u0e37\u0e2d\u0e07\u0e2a\u0e38\u0e23\u0e34\u0e19\u0e17\u0e23\u0e4c", "phone": "02-7127000", "email": null, "address_detail": "21 \u0e2b\u0e21\u0e39\u0e48 2 \u0e15.\u0e2d\u0e49\u0e2d\u0e21\u0e43\u0e2b\u0e0d\u0e48", "tambon": "\u0e2d\u0e49\u0e2d\u0e21\u0e43\u0e2b\u0e0d\u0e48", "amphoe": "\u0e2a\u0e32\u0e21\u0e1e\u0e23\u0e32\u0e19", "city": "\u0e19\u0e04\u0e23\u0e1b\u0e10\u0e21", "postal_code": "73160", "order_note": "", "order_total": 155.15, "tax": 10.15, "status": "New", "ip": "127.0.0.1", "is_ordered": true, "created_at": "2022-10-21T11:48:49.652", "updated_at": "2022-10-21T11:48:56.945"}}, {"model": "orders.order", "pk": 59, "fields": {"user": 22, "payment": 8, "order_number": "2022102159", "cust_name": "\u0e40\u0e14\u0e48\u0e19 \u0e40\u0e21\u0e37\u0e2d\u0e07\u0e2a\u0e38\u0e23\u0e34\u0e19\u0e17\u0e23\u0e4c", "phone": "02-7127000", "email": null, "address_detail": "21 \u0e2b\u0e21\u0e39\u0e48 2 \u0e15.\u0e2d\u0e49\u0e2d\u0e21\u0e43\u0e2b\u0e0d\u0e48", "tambon": "\u0e2d\u0e49\u0e2d\u0e21\u0e43\u0e2b\u0e0d\u0e48", "amphoe": "\u0e2a\u0e32\u0e21\u0e1e\u0e23\u0e32\u0e19", "city": "\u0e19\u0e04\u0e23\u0e1b\u0e10\u0e21", "postal_code": "73160", "order_note": "", "order_total": 155.15, "tax": 10.15, "status": "New", "ip": "127.0.0.1", "is_ordered": true, "created_at": "2022-10-21T13:53:44.828", "updated_at": "2022-10-21T13:53:46.798"}}, {"model": "orders.order", "pk": 60, "fields": {"user": 22, "payment": 9, "order_number": "2022102260", "cust_name": "\u0e40\u0e14\u0e48\u0e19 \u0e40\u0e21\u0e37\u0e2d\u0e07\u0e2a\u0e38\u0e23\u0e34\u0e19\u0e17\u0e23\u0e4c", "phone": "02-7127000", "email": null, "address_detail": "21 \u0e2b\u0e21\u0e39\u0e48 2 \u0e15.\u0e2d\u0e49\u0e2d\u0e21\u0e43\u0e2b\u0e0d\u0e48", "tambon": "\u0e2d\u0e49\u0e2d\u0e21\u0e43\u0e2b\u0e0d\u0e48", "amphoe": "\u0e2a\u0e32\u0e21\u0e1e\u0e23\u0e32\u0e19", "city": "\u0e19\u0e04\u0e23\u0e1b\u0e10\u0e21", "postal_code": "73160", "order_note": "", "order_total": 155.15, "tax": 10.15, "status": "New", "ip": "127.0.0.1", "is_ordered": true, "created_at": "2022-10-22T16:50:06.052", "updated_at": "2022-10-22T16:50:11.825"}}, {"model": "orders.order", "pk": 61, "fields": {"user": 22, "payment": 10, "order_number": "2022102561", "cust_name": "\u0e40\u0e14\u0e48\u0e19 \u0e40\u0e21\u0e37\u0e2d\u0e07\u0e2a\u0e38\u0e23\u0e34\u0e19\u0e17\u0e23\u0e4c", "phone": "02-7127000", "email": null, "address_detail": "21 \u0e2b\u0e21\u0e39\u0e48 2 \u0e15.\u0e2d\u0e49\u0e2d\u0e21\u0e43\u0e2b\u0e0d\u0e48", "tambon": "\u0e2d\u0e49\u0e2d\u0e21\u0e43\u0e2b\u0e0d\u0e48", "amphoe": "\u0e2a\u0e32\u0e21\u0e1e\u0e23\u0e32\u0e19", "city": "\u0e19\u0e04\u0e23\u0e1b\u0e10\u0e21", "postal_code": "73160", "order_note": "", "order_total": 267.5, "tax": 17.5, "status": "New", "ip": "127.0.0.1", "is_ordered": true, "created_at": "2022-10-25T11:46:55.530", "updated_at": "2022-10-25T11:46:57.463"}}, {"model": "orders.order", "pk": 62, "fields": {"user": 23, "payment": 11, "order_number": "2022110562", "cust_name": "\u0e40\u0e14\u0e48\u0e19 Dev", "phone": "02-7127000", "email": null, "address_detail": "21 \u0e2b\u0e21\u0e39\u0e48 2 \u0e15.\u0e2d\u0e49\u0e2d\u0e21\u0e43\u0e2b\u0e0d\u0e48", "tambon": "\u0e2d\u0e49\u0e2d\u0e21\u0e43\u0e2b\u0e0d\u0e48", "amphoe": "\u0e2a\u0e32\u0e21\u0e1e\u0e23\u0e32\u0e19", "city": "\u0e19\u0e04\u0e23\u0e1b\u0e10\u0e21", "postal_code": "73160", "order_note": "", "order_total": 577.8, "tax": 37.8, "status": "New", "ip": "127.0.0.1", "is_ordered": true, "created_at": "2022-11-05T11:30:07.012", "updated_at": "2022-11-05T11:30:14.745"}}, {"model": "orders.order", "pk": 63, "fields": {"user": 23, "payment": 12, "order_number": "2022110563", "cust_name": "\u0e2a\u0e21\u0e22\u0e28", "phone": "02-7127000", "email": null, "address_detail": "21 \u0e2b\u0e21\u0e39\u0e48 2 \u0e15.\u0e2d\u0e49\u0e2d\u0e21\u0e43\u0e2b\u0e0d\u0e48", "tambon": "\u0e2d\u0e49\u0e2d\u0e21\u0e43\u0e2b\u0e0d\u0e48", "amphoe": "\u0e2a\u0e32\u0e21\u0e1e\u0e23\u0e32\u0e19", "city": "\u0e19\u0e04\u0e23\u0e1b\u0e10\u0e21", "postal_code": "73160", "order_note": "", "order_total": 155.15, "tax": 10.15, "status": "New", "ip": "127.0.0.1", "is_ordered": true, "created_at": "2022-11-05T15:06:34.836", "updated_at": "2022-11-05T15:06:37.513"}}, {"model": "orders.order", "pk": 64, "fields": {"user": 23, "payment": 13, "order_number": "2022110964", "cust_name": "\u0e40\u0e14\u0e48\u0e19 \u0e40\u0e21\u0e37\u0e2d\u0e07\u0e2a\u0e38\u0e23\u0e34\u0e19\u0e17\u0e23\u0e4c", "phone": "02-7127000", "email": null, "address_detail": "21 \u0e2b\u0e21\u0e39\u0e48 2 \u0e15.\u0e2d\u0e49\u0e2d\u0e21\u0e43\u0e2b\u0e0d\u0e48", "tambon": "\u0e2d\u0e49\u0e2d\u0e21\u0e43\u0e2b\u0e0d\u0e48", "amphoe": "\u0e2a\u0e32\u0e21\u0e1e\u0e23\u0e32\u0e19", "city": "\u0e19\u0e04\u0e23\u0e1b\u0e10\u0e21", "postal_code": "73160", "order_note": "", "order_total": 155.15, "tax": 10.15, "status": "New", "ip": "127.0.0.1", "is_ordered": true, "created_at": "2022-11-09T15:00:29.087", "updated_at": "2022-11-09T15:00:34.180"}}, {"model": "orders.orderproduct", "pk": 1, "fields": {"order": 53, "payment": 3, "user": 22, "product": 1, "quantity": 1, "product_price": 236.0, "ordered": true, "created_at": "2022-10-18T16:17:19.784", "updated_at": "2022-10-18T16:17:19.882", "variations": [3, 6]}}, {"model": "orders.orderproduct", "pk": 2, "fields": {"order": 53, "payment": 3, "user": 22, "product": 1, "quantity": 2, "product_price": 236.0, "ordered": true, "created_at": "2022-10-18T16:17:19.891", "updated_at": "2022-10-18T16:17:19.898", "variations": [3, 5]}}, {"model": "orders.orderproduct", "pk": 3, "fields": {"order": 53, "payment": 3, "user": 22, "product": 1, "quantity": 2, "product_price": 236.0, "ordered": true, "created_at": "2022-10-18T16:17:19.906", "updated_at": "2022-10-18T16:17:19.913", "variations": [3, 4]}}, {"model": "orders.orderproduct", "pk": 4, "fields": {"order": 55, "payment": 4, "user": 22, "product": 1, "quantity": 1, "product_price": 236.0, "ordered": true, "created_at": "2022-10-19T15:53:58.125", "updated_at": "2022-10-19T15:53:58.160", "variations": [3, 6]}}, {"model": "orders.orderproduct", "pk": 5, "fields": {"order": 55, "payment": 4, "user": 22, "product": 1, "quantity": 2, "product_price": 236.0, "ordered": true, "created_at": "2022-10-19T15:53:58.170", "updated_at": "2022-10-19T15:53:58.178", "variations": [3, 5]}}, {"model": "orders.orderproduct", "pk": 6, "fields": {"order": 56, "payment": 5, "user": 22, "product": 1, "quantity": 2, "product_price": 236.0, "ordered": true, "created_at": "2022-10-19T15:58:20.807", "updated_at": "2022-10-19T15:58:20.827", "variations": [3, 6]}}, {"model": "orders.orderproduct", "pk": 7, "fields": {"order": 57, "payment": 6, "user": 22, "product": 6, "quantity": 1, "product_price": 145.0, "ordered": true, "created_at": "2022-10-21T09:52:43.726", "updated_at": "2022-10-21T09:52:43.934", "variations": [7, 11]}}, {"model": "orders.orderproduct", "pk": 8, "fields": {"order": 57, "payment": 6, "user": 22, "product": 6, "quantity": 2, "product_price": 145.0, "ordered": true, "created_at": "2022-10-21T09:52:43.939", "updated_at": "2022-10-21T09:52:43.948", "variations": [7, 8]}}, {"model": "orders.orderproduct", "pk": 9, "fields": {"order": 58, "payment": 7, "user": 22, "product": 6, "quantity": 1, "product_price": 145.0, "ordered": true, "created_at": "2022-10-21T11:48:56.949", "updated_at": "2022-10-21T11:48:57.148", "variations": [7, 9]}}, {"model": "orders.orderproduct", "pk": 10, "fields": {"order": 59, "payment": 8, "user": 22, "product": 6, "quantity": 1, "product_price": 145.0, "ordered": true, "created_at": "2022-10-21T13:53:46.806", "updated_at": "2022-10-21T13:53:47.049", "variations": [7, 8]}}, {"model": "orders.orderproduct", "pk": 11, "fields": {"order": 60, "payment": 9, "user": 22, "product": 6, "quantity": 1, "product_price": 145.0, "ordered": true, "created_at": "2022-10-22T16:50:11.829", "updated_at": "2022-10-22T16:50:12.025", "variations": [7, 8]}}, {"model": "orders.orderproduct", "pk": 12, "fields": {"order": 61, "payment": 10, "user": 22, "product": 3, "quantity": 1, "product_price": 250.0, "ordered": true, "created_at": "2022-10-25T11:46:57.470", "updated_at": "2022-10-25T11:46:57.705", "variations": [12, 13]}}, {"model": "orders.orderproduct", "pk": 13, "fields": {"order": 62, "payment": 11, "user": 23, "product": 3, "quantity": 1, "product_price": 250.0, "ordered": true, "created_at": "2022-11-05T11:30:14.752", "updated_at": "2022-11-05T11:30:14.837", "variations": [12, 13]}}, {"model": "orders.orderproduct", "pk": 14, "fields": {"order": 62, "payment": 11, "user": 23, "product": 6, "quantity": 2, "product_price": 145.0, "ordered": true, "created_at": "2022-11-05T11:30:14.842", "updated_at": "2022-11-05T11:30:14.862", "variations": [7, 11]}}, {"model": "orders.orderproduct", "pk": 15, "fields": {"order": 63, "payment": 12, "user": 23, "product": 6, "quantity": 1, "product_price": 145.0, "ordered": true, "created_at": "2022-11-05T15:06:37.520", "updated_at": "2022-11-05T15:06:37.569", "variations": [7, 11]}}, {"model": "orders.orderproduct", "pk": 16, "fields": {"order": 64, "payment": 13, "user": 23, "product": 6, "quantity": 1, "product_price": 145.0, "ordered": true, "created_at": "2022-11-09T15:00:34.186", "updated_at": "2022-11-09T15:00:34.289", "variations": [7, 11]}}]